{
  "name": "JPEG",
  "description": "JPEG. Pillow version 9.5.0",
  "results": {
    "bpp": [
      0.17308807373046872,
      0.17319488525390625,
      0.1818322075737847,
      0.20049285888671872,
      0.2211541069878472,
      0.2425189548068576
    ],
    "encoding_time": [
      0.0015030503273010254,
      0.0013600985209147136,
      0.0013481974601745605,
      0.001395881175994873,
      0.0013687113920847576,
      0.0013947784900665283
    ],
    "decoding_time": [
      0.001211384932200114,
      0.0010478695233662922,
      0.001050432523091634,
      0.0011090834935506184,
      0.0011116564273834229,
      0.0011531412601470947
    ],
    "psnr-rgb": [
      21.475023971169435,
      21.476965577261286,
      21.68351435619269,
      22.808738137661148,
      23.85221755309281,
      24.695327844915287
    ],
    "ms-ssim-rgb": [
      0.7152522504329681,
      0.7153217419981956,
      0.7284847845633825,
      0.7730833912889162,
      0.8070848534504572,
      0.8379499167203903
    ]
  }
}
