{
  "name": "WebP",
  "description": "WebP. Pillow version 9.5.0",
  "results": {
    "bpp": [
      0.16528150770399305,
      0.18687438964843747,
      0.20456610785590276,
      0.2209387885199653,
      0.23441908094618058,
      0.2475043402777778
    ],
    "encoding_time": [
      0.03239919741948446,
      0.030179083347320557,
      0.030512114365895588,
      0.031083573897679646,
      0.0317172110080719,
      0.031908770402272545
    ],
    "decoding_time": [
      0.004307687282562256,
      0.0038701891899108887,
      0.004241695006688436,
      0.00425185759862264,
      0.004792918761571248,
      0.00470396876335144
    ],
    "psnr-rgb": [
      27.184990581643962,
      27.579884595010743,
      27.87373497650448,
      28.129166346230047,
      28.328423666657446,
      28.509861960591746
    ],
    "ms-ssim-rgb": [
      0.9014372179905573,
      0.9108100881179174,
      0.9170842915773392,
      0.9218899508317312,
      0.9257408926884333,
      0.9292125428716341
    ]
  }
}
