{
  "name": "stf",
  "description": "Inference (ans)",
  "results": {
    "psnr": [
      34.74094338917964
    ],
    "ms-ssim": [
      0.9860340356826782
    ],
    "bpp": [
      0.3490397135416667
    ],
    "encoding_time": [
      2.390310525894165
    ],
    "decoding_time": [
      0.319141149520874
    ]
  }
}
