{
  "name": "stf",
  "description": "Inference (ans)",
  "results": {
    "psnr": [
      29.664359718882967
    ],
    "ms-ssim": [
      0.9479484607776006
    ],
    "bpp": [
      0.2020128038194444
    ],
    "encoding_time": [
      0.1636743446191152
    ],
    "decoding_time": [
      0.16943185528119406
    ]
  }
}
