{
  "name": "stf",
  "description": "Inference (ans)",
  "results": {
    "psnr": [
      34.74094338917964
    ],
    "ms-ssim": [
      0.9860340356826782
    ],
    "bpp": [
      0.3490397135416667
    ],
    "encoding_time": [
      3.8349547386169434
    ],
    "decoding_time": [
      0.42557644844055176
    ]
  }
}
