{
  "name": "stf",
  "description": "Inference (ans)",
  "results": {
    "psnr": [
      30.190789990002912
    ],
    "ms-ssim": [
      0.9510065441330274
    ],
    "bpp": [
      0.19301011827256945
    ],
    "encoding_time": [
      0.16308899720509848
    ],
    "decoding_time": [
      0.1695000926653544
    ]
  }
}
