{
  "name": "stf",
  "description": "Inference (ans)",
  "results": {
    "psnr": [
      26.404361449244576
    ],
    "ms-ssim": [
      0.9550890699028969
    ],
    "bpp": [
      0.15039740668402776
    ],
    "encoding_time": [
      0.20884413520495096
    ],
    "decoding_time": [
      0.18448134263356528
    ]
  }
}
