{
  "name": "stf",
  "description": "Inference (ans)",
  "results": {
    "psnr": [
      30.970821704138768
    ],
    "ms-ssim": [
      0.9635734235246977
    ],
    "bpp": [
      0.3048807779947917
    ],
    "encoding_time": [
      0.3017775019009908
    ],
    "decoding_time": [
      0.19488016764322916
    ]
  }
}
