{
  "name": "stf",
  "description": "Inference (ans)",
  "results": {
    "psnr": [
      25.607334332215686
    ],
    "ms-ssim": [
      0.9411503374576569
    ],
    "bpp": [
      0.1027560763888889
    ],
    "encoding_time": [
      0.4376844068368276
    ],
    "decoding_time": [
      0.22181139389673868
    ]
  }
}
