{
  "name": "stf",
  "description": "Inference (ans)",
  "results": {
    "psnr": [
      27.735134679795436
    ],
    "ms-ssim": [
      0.9713953112562498
    ],
    "bpp": [
      0.2342902289496528
    ],
    "encoding_time": [
      0.24209768573443094
    ],
    "decoding_time": [
      0.20079838236172995
    ]
  }
}
