{
  "name": "stf",
  "description": "Inference (ans)",
  "results": {
    "psnr": [
      32.47445080387197
    ],
    "ms-ssim": [
      0.9751112684607506
    ],
    "bpp": [
      0.4566819932725694
    ],
    "encoding_time": [
      0.29552096128463745
    ],
    "decoding_time": [
      0.19781831900278726
    ]
  }
}
