{
  "name": "stf",
  "description": "Inference (ans)",
  "results": {
    "psnr": [
      28.112305575620898
    ],
    "ms-ssim": [
      0.9247681150833765
    ],
    "bpp": [
      0.12103610568576388
    ],
    "encoding_time": [
      0.31566999355951947
    ],
    "decoding_time": [
      0.20139288902282715
    ]
  }
}
