{
  "name": "stf",
  "description": "Inference (ans)",
  "results": {
    "psnr": [
      26.638244194649236
    ],
    "ms-ssim": [
      0.9619380459189415
    ],
    "bpp": [
      0.15798611111111113
    ],
    "encoding_time": [
      0.3619031310081482
    ],
    "decoding_time": [
      0.19635396202405295
    ]
  }
}
