{
  "name": "stf",
  "description": "Inference (ans)",
  "results": {
    "psnr": [
      26.648521939129065
    ],
    "ms-ssim": [
      0.9579069688916206
    ],
    "bpp": [
      0.15864054361979163
    ],
    "encoding_time": [
      0.36977943778038025
    ],
    "decoding_time": [
      0.20770467321077982
    ]
  }
}
