{
  "name": "stf",
  "description": "Inference (ans)",
  "results": {
    "psnr": [
      28.539992989625034
    ],
    "ms-ssim": [
      0.9778234288096428
    ],
    "bpp": [
      0.31761678059895826
    ],
    "encoding_time": [
      0.38679182529449463
    ],
    "decoding_time": [
      0.21556299924850464
    ]
  }
}
