{
  "name": "stf",
  "description": "Inference (ans)",
  "results": {
    "psnr": [
      29.459740815076177
    ],
    "ms-ssim": [
      0.9476110388835272
    ],
    "bpp": [
      0.19245062934027776
    ],
    "encoding_time": [
      0.3008306523164113
    ],
    "decoding_time": [
      0.18736118078231812
    ]
  }
}
