{
  "name": "stf",
  "description": "Inference (ans)",
  "results": {
    "psnr": [
      30.386620780924062
    ],
    "ms-ssim": [
      0.950387085477511
    ],
    "bpp": [
      0.18451266818576387
    ],
    "encoding_time": [
      0.1657800873120626
    ],
    "decoding_time": [
      0.17156062523523966
    ]
  }
}
